,JSON Data
0,"{""ip"":""103.216.15.12"",""country_code"":""CN"",""country_name"":""China"",""region_name"":""Beijing"",""city_name"":""Beijing"",""latitude"":39.9075,""longitude"":116.3971,""zip_code"":""100006"",""time_zone"":""+08:00"",""asn"":""-"",""as"":""-"",""is_proxy"":false}"
1,"{""ip"":""78.199.217.198"",""country_code"":""FR"",""country_name"":""France"",""region_name"":""Occitanie"",""city_name"":""Cajarc"",""latitude"":44.48546,""longitude"":1.84261,""zip_code"":""46160"",""time_zone"":""+01:00"",""asn"":""12322"",""as"":""Free SAS"",""is_proxy"":false}"
2,"{""ip"":""63.79.210.48"",""country_code"":""US"",""country_name"":""United States of America"",""region_name"":""New York"",""city_name"":""Kew Gardens"",""latitude"":40.70754,""longitude"":-73.82868,""zip_code"":""11415"",""time_zone"":""-05:00"",""asn"":""701"",""as"":""Verizon Business"",""is_proxy"":false}"
3,"{""ip"":""163.42.196.10"",""country_code"":""JP"",""country_name"":""Japan"",""region_name"":""Osaka"",""city_name"":""Ibaraki"",""latitude"":34.816427,""longitude"":135.568916,""zip_code"":""567-0001"",""time_zone"":""+09:00"",""asn"":""2907"",""as"":""Asia Pacific Network Information Centre"",""is_proxy"":false}"
4,"{""ip"":""71.166.185.76"",""country_code"":""US"",""country_name"":""United States of America"",""region_name"":""Maryland"",""city_name"":""Rockville"",""latitude"":39.084067,""longitude"":-77.152901,""zip_code"":""20847"",""time_zone"":""-05:00"",""asn"":""701"",""as"":""Verizon Business"",""is_proxy"":false}"
5,"{""ip"":""198.102.5.160"",""country_code"":""US"",""country_name"":""United States of America"",""region_name"":""Colorado"",""city_name"":""Denver"",""latitude"":39.759114,""longitude"":-104.915305,""zip_code"":""80207"",""time_zone"":""-07:00"",""asn"":""-"",""as"":""-"",""is_proxy"":false}"
6,"{""ip"":""97.253.103.59"",""country_code"":""US"",""country_name"":""United States of America"",""region_name"":""Virginia"",""city_name"":""Ashburn"",""latitude"":39.03408,""longitude"":-77.4885,""zip_code"":""20147"",""time_zone"":""-05:00"",""asn"":""22394"",""as"":""Verizon Business"",""is_proxy"":false}"
7,"{""ip"":""11.48.99.245"",""country_code"":""US"",""country_name"":""United States of America"",""region_name"":""Ohio"",""city_name"":""Columbus"",""latitude"":39.96638,""longitude"":-83.01277,""zip_code"":""43218"",""time_zone"":""-05:00"",""asn"":""749"",""as"":""DoD Network Information Center"",""is_proxy"":false}"
8,"{""ip"":""49.32.208.167"",""country_code"":""IN"",""country_name"":""India"",""region_name"":""Maharashtra"",""city_name"":""Mumbai"",""latitude"":19.075975,""longitude"":72.877377,""zip_code"":""400099"",""time_zone"":""+05:30"",""asn"":""55836"",""as"":""Reliance Jio Infocomm Limited"",""is_proxy"":false}"
9,"{""ip"":""114.109.149.113"",""country_code"":""TH"",""country_name"":""Thailand"",""region_name"":""Krung Thep Maha Nakhon"",""city_name"":""Bangkok"",""latitude"":13.749976,""longitude"":100.516819,""zip_code"":""10200"",""time_zone"":""+07:00"",""asn"":""17552"",""as"":""True Online"",""is_proxy"":false}"
10,"{""ip"":""177.21.83.200"",""country_code"":""BR"",""country_name"":""Brazil"",""region_name"":""Parana"",""city_name"":""Paranavai"",""latitude"":-23.07306,""longitude"":-52.46528,""zip_code"":""87760-000"",""time_zone"":""-03:00"",""asn"":""53088"",""as"":""Fornet Comunicacoes Ltda"",""is_proxy"":false}"
11,"{""ip"":""92.4.25.171"",""country_code"":""GB"",""country_name"":""United Kingdom of Great Britain and Northern Ireland"",""region_name"":""Scotland"",""city_name"":""Whitburn"",""latitude"":55.86667,""longitude"":-3.68333,""zip_code"":""EH47"",""time_zone"":""+00:00"",""asn"":""13285"",""as"":""TalkTalk Communications Limited"",""is_proxy"":false}"
12,"{""ip"":""57.91.207.84"",""country_code"":""TT"",""country_name"":""Trinidad and Tobago"",""region_name"":""Port of Spain"",""city_name"":""Port of Spain"",""latitude"":10.66617,""longitude"":-61.51639,""zip_code"":""-"",""time_zone"":""-04:00"",""asn"":""-"",""as"":""-"",""is_proxy"":false}"
13,"{""ip"":""80.28.21.123"",""country_code"":""ES"",""country_name"":""Spain"",""region_name"":""Madrid, Comunidad de"",""city_name"":""Madrid"",""latitude"":40.416818,""longitude"":-3.684733,""zip_code"":""28013"",""time_zone"":""+01:00"",""asn"":""3352"",""as"":""Telefonica de Espana S.A.U."",""is_proxy"":false}"
14,"{""ip"":""54.163.130.178"",""country_code"":""US"",""country_name"":""United States of America"",""region_name"":""Virginia"",""city_name"":""Ashburn"",""latitude"":39.039474,""longitude"":-77.491809,""zip_code"":""20146"",""time_zone"":""-05:00"",""asn"":""14618"",""as"":""Amazon.com Inc."",""is_proxy"":false}"
15,"{""ip"":""130.163.192.252"",""country_code"":""US"",""country_name"":""United States of America"",""region_name"":""Virginia"",""city_name"":""Virginia Beach"",""latitude"":36.88164,""longitude"":-76.00152,""zip_code"":""23459"",""time_zone"":""-05:00"",""asn"":""668"",""as"":""DoD Network Information Center"",""is_proxy"":false}"
16,"{""ip"":""4.255.187.165"",""country_code"":""US"",""country_name"":""United States of America"",""region_name"":""Wyoming"",""city_name"":""Cheyenne"",""latitude"":41.139745,""longitude"":-104.820117,""zip_code"":""82001"",""time_zone"":""-07:00"",""asn"":""8075"",""as"":""Microsoft Corporation"",""is_proxy"":false}"
17,"{""ip"":""212.164.196.41"",""country_code"":""RU"",""country_name"":""Russian Federation"",""region_name"":""Novosibirskaya oblast'"",""city_name"":""Barabinsk"",""latitude"":55.35709,""longitude"":78.35697,""zip_code"":""632338"",""time_zone"":""+07:00"",""asn"":""12389"",""as"":""PJSC Rostelecom"",""is_proxy"":false}"
18,"{""ip"":""119.101.120.119"",""country_code"":""CN"",""country_name"":""China"",""region_name"":""Hubei"",""city_name"":""Qianjiang"",""latitude"":30.4,""longitude"":112.9,""zip_code"":""433100"",""time_zone"":""+08:00"",""asn"":""4134"",""as"":""Asia Pacific Network Information Centre"",""is_proxy"":false}"
19,"{""ip"":""104.176.150.78"",""country_code"":""US"",""country_name"":""United States of America"",""region_name"":""Texas"",""city_name"":""Lubbock"",""latitude"":33.577814,""longitude"":-101.85525,""zip_code"":""79401"",""time_zone"":""-06:00"",""asn"":""7018"",""as"":""AT&T Services Inc."",""is_proxy"":false}"
20,"{""ip"":""116.61.253.182"",""country_code"":""CN"",""country_name"":""China"",""region_name"":""Beijing"",""city_name"":""Beijing"",""latitude"":39.9075,""longitude"":116.3971,""zip_code"":""100029"",""time_zone"":""+08:00"",""asn"":""-"",""as"":""-"",""is_proxy"":false}"
21,"{""ip"":""214.247.90.42"",""country_code"":""US"",""country_name"":""United States of America"",""region_name"":""Ohio"",""city_name"":""Columbus"",""latitude"":39.96638,""longitude"":-83.01277,""zip_code"":""43218"",""time_zone"":""-05:00"",""asn"":""749"",""as"":""DoD Network Information Center"",""is_proxy"":false}"
22,"{""ip"":""57.7.171.107"",""country_code"":""US"",""country_name"":""United States of America"",""region_name"":""California"",""city_name"":""San Jose"",""latitude"":37.33939,""longitude"":-121.89496,""zip_code"":""95101"",""time_zone"":""-08:00"",""asn"":""198528"",""as"":""Orange Business Communications Technology Limited"",""is_proxy"":false}"
23,"{""ip"":""46.236.76.78"",""country_code"":""SE"",""country_name"":""Sweden"",""region_name"":""Vasterbottens lan"",""city_name"":""Umea"",""latitude"":63.828431,""longitude"":20.259655,""zip_code"":""90850"",""time_zone"":""+01:00"",""asn"":""29518"",""as"":""Bredband2 AB"",""is_proxy"":false}"
24,"{""ip"":""71.41.31.239"",""country_code"":""US"",""country_name"":""United States of America"",""region_name"":""Texas"",""city_name"":""Plano"",""latitude"":33.019681,""longitude"":-96.698936,""zip_code"":""75023"",""time_zone"":""-06:00"",""asn"":""11427"",""as"":""Charter Communications Inc"",""is_proxy"":false}"
25,"{""ip"":""128.47.86.24"",""country_code"":""US"",""country_name"":""United States of America"",""region_name"":""Arizona"",""city_name"":""Fort Huachuca"",""latitude"":31.55646,""longitude"":-110.35056,""zip_code"":""85613"",""time_zone"":""-07:00"",""asn"":""252"",""as"":""Headquarters USAISC"",""is_proxy"":false}"
26,"{""ip"":""182.232.245.98"",""country_code"":""TH"",""country_name"":""Thailand"",""region_name"":""Phra Nakhon Si Ayutthaya"",""city_name"":""Phra Nakhon Si Ayutthaya"",""latitude"":14.35167,""longitude"":100.57739,""zip_code"":""13120"",""time_zone"":""+07:00"",""asn"":""45430"",""as"":""SBN-IIGAWN-IIG Transit Provider"",""is_proxy"":false}"
27,"{""ip"":""208.44.127.159"",""country_code"":""US"",""country_name"":""United States of America"",""region_name"":""Louisiana"",""city_name"":""Monroe"",""latitude"":32.52654,""longitude"":-92.10714,""zip_code"":""71201"",""time_zone"":""-06:00"",""asn"":""209"",""as"":""CenturyLink Communications LLC"",""is_proxy"":false}"
28,"{""ip"":""197.137.61.248"",""country_code"":""KE"",""country_name"":""Kenya"",""region_name"":""Nairobi City"",""city_name"":""Nairobi"",""latitude"":-1.28333,""longitude"":36.81667,""zip_code"":""-"",""time_zone"":""+03:00"",""asn"":""36914"",""as"":""KENET-AS"",""is_proxy"":false}"
29,"{""ip"":""69.60.34.24"",""country_code"":""US"",""country_name"":""United States of America"",""region_name"":""Mississippi"",""city_name"":""Hattiesburg"",""latitude"":31.32712,""longitude"":-89.29028,""zip_code"":""39401"",""time_zone"":""-06:00"",""asn"":""7086"",""as"":""Mississippi Department Of Information Technology Services (ITS)"",""is_proxy"":false}"
30,"{""ip"":""110.207.118.63"",""country_code"":""CN"",""country_name"":""China"",""region_name"":""Hunan"",""city_name"":""Hengyang"",""latitude"":26.88806,""longitude"":112.615,""zip_code"":""421027"",""time_zone"":""+08:00"",""asn"":""9394"",""as"":""China Tietong Telecommunications Corporation"",""is_proxy"":false}"
31,"{""ip"":""188.40.103.145"",""country_code"":""DE"",""country_name"":""Germany"",""region_name"":""Sachsen"",""city_name"":""Falkenstein"",""latitude"":50.47785,""longitude"":12.371563,""zip_code"":""08223"",""time_zone"":""+01:00"",""asn"":""24940"",""as"":""Hetzner Online GmbH"",""is_proxy"":false}"
32,"{""ip"":""99.8.190.190"",""country_code"":""US"",""country_name"":""United States of America"",""region_name"":""California"",""city_name"":""Cupertino"",""latitude"":37.323,""longitude"":-122.03218,""zip_code"":""95014"",""time_zone"":""-08:00"",""asn"":""7018"",""as"":""AT&T Services Inc."",""is_proxy"":false}"
33,"{""ip"":""128.62.6.140"",""country_code"":""US"",""country_name"":""United States of America"",""region_name"":""Texas"",""city_name"":""Austin"",""latitude"":30.293042,""longitude"":-97.737245,""zip_code"":""78705"",""time_zone"":""-06:00"",""asn"":""18"",""as"":""University of Texas at Austin"",""is_proxy"":false}"
34,"{""ip"":""211.43.37.93"",""country_code"":""KR"",""country_name"":""Korea (Republic of)"",""region_name"":""Busan-gwangyeoksi"",""city_name"":""Busan"",""latitude"":35.10278,""longitude"":129.04028,""zip_code"":""48700"",""time_zone"":""+09:00"",""asn"":""9706"",""as"":""Busan Education Research & Information Center"",""is_proxy"":false}"
35,"{""ip"":""203.171.62.228"",""country_code"":""NZ"",""country_name"":""New Zealand"",""region_name"":""Wellington"",""city_name"":""Wellington"",""latitude"":-41.28678,""longitude"":174.776044,""zip_code"":""6148"",""time_zone"":""+13:00"",""asn"":""18400"",""as"":""Xtreme Networks Limited"",""is_proxy"":false}"
36,"{""ip"":""115.120.220.179"",""country_code"":""CN"",""country_name"":""China"",""region_name"":""Guangdong"",""city_name"":""Guangzhou"",""latitude"":23.127361,""longitude"":113.26457,""zip_code"":""510140"",""time_zone"":""+08:00"",""asn"":""-"",""as"":""-"",""is_proxy"":false}"
37,"{""ip"":""140.29.40.43"",""country_code"":""US"",""country_name"":""United States of America"",""region_name"":""Ohio"",""city_name"":""Columbus"",""latitude"":39.96638,""longitude"":-83.01277,""zip_code"":""43218"",""time_zone"":""-05:00"",""asn"":""39"",""as"":""DoD Network Information Center"",""is_proxy"":false}"
38,"{""ip"":""76.128.95.185"",""country_code"":""US"",""country_name"":""United States of America"",""region_name"":""Florida"",""city_name"":""Tampa"",""latitude"":27.94752,""longitude"":-82.45843,""zip_code"":""33601"",""time_zone"":""-05:00"",""asn"":""7922"",""as"":""Comcast Cable Communications LLC"",""is_proxy"":false}"
39,"{""ip"":""118.23.216.0"",""country_code"":""JP"",""country_name"":""Japan"",""region_name"":""Tokyo"",""city_name"":""Tokyo"",""latitude"":35.689497,""longitude"":139.692317,""zip_code"":""214-0021"",""time_zone"":""+09:00"",""asn"":""4713"",""as"":""NTT Communications Corporation"",""is_proxy"":false}"
40,"{""ip"":""212.153.110.146"",""country_code"":""NL"",""country_name"":""Netherlands"",""region_name"":""Noord-Holland"",""city_name"":""Amsterdam"",""latitude"":52.378502,""longitude"":4.89998,""zip_code"":""1000"",""time_zone"":""+01:00"",""asn"":""702"",""as"":""UUNET"",""is_proxy"":false}"
41,"{""ip"":""6.64.251.220"",""country_code"":""US"",""country_name"":""United States of America"",""region_name"":""Arizona"",""city_name"":""Fort Huachuca"",""latitude"":31.55646,""longitude"":-110.35056,""zip_code"":""85613"",""time_zone"":""-07:00"",""asn"":""749"",""as"":""DoD Network Information Center"",""is_proxy"":false}"
42,"{""ip"":""170.112.189.99"",""country_code"":""US"",""country_name"":""United States of America"",""region_name"":""Minnesota"",""city_name"":""Minneapolis"",""latitude"":44.9765,""longitude"":-93.2715,""zip_code"":""55402"",""time_zone"":""-06:00"",""asn"":""-"",""as"":""-"",""is_proxy"":false}"
43,"{""ip"":""50.30.140.36"",""country_code"":""US"",""country_name"":""United States of America"",""region_name"":""Illinois"",""city_name"":""Champaign"",""latitude"":40.112537,""longitude"":-88.246277,""zip_code"":""61820"",""time_zone"":""-06:00"",""asn"":""23473"",""as"":""Pavlov Media Inc"",""is_proxy"":false}"
44,"{""ip"":""194.120.14.24"",""country_code"":""NL"",""country_name"":""Netherlands"",""region_name"":""Zuid-Holland"",""city_name"":""The Hague"",""latitude"":52.076647,""longitude"":4.298633,""zip_code"":""2590"",""time_zone"":""+01:00"",""asn"":""1136"",""as"":""KPN B.V."",""is_proxy"":false}"
45,"{""ip"":""69.29.17.248"",""country_code"":""US"",""country_name"":""United States of America"",""region_name"":""Illinois"",""city_name"":""Naperville"",""latitude"":41.770999,""longitude"":-88.153042,""zip_code"":""60540"",""time_zone"":""-06:00"",""asn"":""22561"",""as"":""CenturyLink Communications LLC"",""is_proxy"":false}"
46,"{""ip"":""170.211.138.30"",""country_code"":""US"",""country_name"":""United States of America"",""region_name"":""Arkansas"",""city_name"":""Little Rock"",""latitude"":34.74608,""longitude"":-92.276548,""zip_code"":""72201"",""time_zone"":""-06:00"",""asn"":""21852"",""as"":""State of Arkansas Division of Information Systems"",""is_proxy"":false}"
47,"{""ip"":""107.247.253.62"",""country_code"":""US"",""country_name"":""United States of America"",""region_name"":""Washington"",""city_name"":""Redmond"",""latitude"":47.6829,""longitude"":-122.1209,""zip_code"":""98052"",""time_zone"":""-08:00"",""asn"":""3448"",""as"":""AT&T Mobility LLC"",""is_proxy"":false}"
48,"{""ip"":""118.175.170.127"",""country_code"":""TH"",""country_name"":""Thailand"",""region_name"":""Prachuap Khiri Khan"",""city_name"":""Hua Hin"",""latitude"":12.57065,""longitude"":99.95876,""zip_code"":""77110"",""time_zone"":""+07:00"",""asn"":""23969"",""as"":""TOT Public Company Limited"",""is_proxy"":false}"
49,"{""ip"":""16.65.249.237"",""country_code"":""US"",""country_name"":""United States of America"",""region_name"":""Washington"",""city_name"":""Seattle"",""latitude"":47.604309,""longitude"":-122.329845,""zip_code"":""98101"",""time_zone"":""-08:00"",""asn"":""14618"",""as"":""Amazon.com Inc."",""is_proxy"":false}"
50,"{""ip"":""122.130.86.58"",""country_code"":""JP"",""country_name"":""Japan"",""region_name"":""Osaka"",""city_name"":""Osaka"",""latitude"":34.694219,""longitude"":135.502231,""zip_code"":""541-0041"",""time_zone"":""+09:00"",""asn"":""2518"",""as"":""BIGLOBE Inc."",""is_proxy"":false}"
51,"{""ip"":""193.45.37.6"",""country_code"":""SE"",""country_name"":""Sweden"",""region_name"":""Stockholms lan"",""city_name"":""Stockholm"",""latitude"":59.332748,""longitude"":18.064841,""zip_code"":""19587"",""time_zone"":""+01:00"",""asn"":""1729"",""as"":""Telia Company AB"",""is_proxy"":false}"
52,"{""ip"":""68.123.14.202"",""country_code"":""US"",""country_name"":""United States of America"",""region_name"":""California"",""city_name"":""Cupertino"",""latitude"":37.323,""longitude"":-122.03218,""zip_code"":""95014"",""time_zone"":""-08:00"",""asn"":""7018"",""as"":""AT&T Services Inc."",""is_proxy"":false}"
53,"{""ip"":""19.14.168.54"",""country_code"":""US"",""country_name"":""United States of America"",""region_name"":""Michigan"",""city_name"":""Dearborn"",""latitude"":42.31152,""longitude"":-83.19132,""zip_code"":""48121"",""time_zone"":""-05:00"",""asn"":""521"",""as"":""Ford Motor Company"",""is_proxy"":false}"
54,"{""ip"":""168.159.245.149"",""country_code"":""US"",""country_name"":""United States of America"",""region_name"":""Texas"",""city_name"":""Round Rock"",""latitude"":30.517477,""longitude"":-97.672068,""zip_code"":""78682"",""time_zone"":""-06:00"",""asn"":""3612"",""as"":""Dell Inc."",""is_proxy"":false}"
55,"{""ip"":""22.96.76.59"",""country_code"":""US"",""country_name"":""United States of America"",""region_name"":""Ohio"",""city_name"":""Columbus"",""latitude"":39.96638,""longitude"":-83.01277,""zip_code"":""43218"",""time_zone"":""-05:00"",""asn"":""749"",""as"":""DoD Network Information Center"",""is_proxy"":false}"
56,"{""ip"":""163.93.76.114"",""country_code"":""FR"",""country_name"":""France"",""region_name"":""Ile-de-France"",""city_name"":""Courbevoie"",""latitude"":48.896714,""longitude"":2.256513,""zip_code"":""92679"",""time_zone"":""+01:00"",""asn"":""-"",""as"":""-"",""is_proxy"":false}"
57,"{""ip"":""37.225.176.201"",""country_code"":""PL"",""country_name"":""Poland"",""region_name"":""Slaskie"",""city_name"":""Katowice"",""latitude"":50.258467,""longitude"":19.027469,""zip_code"":""40-959"",""time_zone"":""+01:00"",""asn"":""5617"",""as"":""Orange Polska Spolka Akcyjna"",""is_proxy"":false}"
58,"{""ip"":""123.233.44.106"",""country_code"":""CN"",""country_name"":""China"",""region_name"":""Shandong"",""city_name"":""Jinan"",""latitude"":36.66833,""longitude"":116.99722,""zip_code"":""250000"",""time_zone"":""+08:00"",""asn"":""4837"",""as"":""China169-Backbone China Unicom China169 Backbone"",""is_proxy"":false}"
59,"{""ip"":""158.145.58.183"",""country_code"":""US"",""country_name"":""United States of America"",""region_name"":""Alaska"",""city_name"":""Juneau"",""latitude"":58.356503,""longitude"":-134.527315,""zip_code"":""99801"",""time_zone"":""-09:00"",""asn"":""3724"",""as"":""State of Alaska"",""is_proxy"":false}"
60,"{""ip"":""193.109.94.146"",""country_code"":""PL"",""country_name"":""Poland"",""region_name"":""Mazowieckie"",""city_name"":""Kaluszyn"",""latitude"":52.20669,""longitude"":21.80838,""zip_code"":""05-310"",""time_zone"":""+01:00"",""asn"":""202050"",""as"":""STIMO Sp. z o.o."",""is_proxy"":false}"
61,"{""ip"":""122.108.169.214"",""country_code"":""AU"",""country_name"":""Australia"",""region_name"":""South Australia"",""city_name"":""Adelaide"",""latitude"":-34.92866,""longitude"":138.59863,""zip_code"":""5000"",""time_zone"":""+10:30"",""asn"":""4804"",""as"":""Microplex Pty Ltd"",""is_proxy"":false}"
62,"{""ip"":""64.58.36.254"",""country_code"":""CA"",""country_name"":""Canada"",""region_name"":""Ontario"",""city_name"":""Mississauga"",""latitude"":43.579777,""longitude"":-79.659508,""zip_code"":""L4T 0A1"",""time_zone"":""-05:00"",""asn"":""1403"",""as"":""EBOX"",""is_proxy"":false}"
63,"{""ip"":""61.217.244.146"",""country_code"":""TW"",""country_name"":""Taiwan (Province of China)"",""region_name"":""Taipei"",""city_name"":""Taipei"",""latitude"":25.038171,""longitude"":121.563599,""zip_code"":""10048"",""time_zone"":""+08:00"",""asn"":""3462"",""as"":""Asia Pacific Network Information Centre"",""is_proxy"":false}"
64,"{""ip"":""21.23.245.141"",""country_code"":""US"",""country_name"":""United States of America"",""region_name"":""Ohio"",""city_name"":""Columbus"",""latitude"":39.96638,""longitude"":-83.01277,""zip_code"":""43218"",""time_zone"":""-05:00"",""asn"":""749"",""as"":""DoD Network Information Center"",""is_proxy"":false}"
65,"{""ip"":""183.2.17.209"",""country_code"":""CN"",""country_name"":""China"",""region_name"":""Guangdong"",""city_name"":""Maoming"",""latitude"":21.649929,""longitude"":110.900002,""zip_code"":""525000"",""time_zone"":""+08:00"",""asn"":""4134"",""as"":""Asia Pacific Network Information Centre"",""is_proxy"":false}"
66,"{""ip"":""89.234.123.19"",""country_code"":""IE"",""country_name"":""Ireland"",""region_name"":""Dublin"",""city_name"":""Dublin"",""latitude"":53.344149,""longitude"":-6.267249,""zip_code"":""D8"",""time_zone"":""+00:00"",""asn"":""31122"",""as"":""Digiweb ltd"",""is_proxy"":false}"
67,"{""ip"":""157.164.90.122"",""country_code"":""BE"",""country_name"":""Belgium"",""region_name"":""Namur"",""city_name"":""Namur"",""latitude"":50.467166,""longitude"":4.867504,""zip_code"":""5101"",""time_zone"":""+01:00"",""asn"":""6696"",""as"":""Verixi SA"",""is_proxy"":false}"
68,"{""ip"":""123.185.30.222"",""country_code"":""CN"",""country_name"":""China"",""region_name"":""Liaoning"",""city_name"":""Dalian"",""latitude"":41.06959,""longitude"":122.59851,""zip_code"":""114228"",""time_zone"":""+08:00"",""asn"":""134762"",""as"":""CHINANET Liaoning Province Dalian MAN Network"",""is_proxy"":false}"
69,"{""ip"":""185.157.240.136"",""country_code"":""CZ"",""country_name"":""Czechia"",""region_name"":""Zlinsky kraj"",""city_name"":""Uherske Hradiste"",""latitude"":49.06975,""longitude"":17.45969,""zip_code"":""686 03"",""time_zone"":""+01:00"",""asn"":""39235"",""as"":""Nordic Telecom Regional s.r.o."",""is_proxy"":false}"
70,"{""ip"":""195.177.54.54"",""country_code"":""DE"",""country_name"":""Germany"",""region_name"":""Nordrhein-Westfalen"",""city_name"":""Koeln"",""latitude"":50.933346,""longitude"":6.94972,""zip_code"":""51147"",""time_zone"":""+01:00"",""asn"":""3257"",""as"":""GTT Communications Inc."",""is_proxy"":false}"
71,"{""ip"":""221.219.44.103"",""country_code"":""CN"",""country_name"":""China"",""region_name"":""Beijing"",""city_name"":""Beijing"",""latitude"":39.9075,""longitude"":116.3971,""zip_code"":""100006"",""time_zone"":""+08:00"",""asn"":""4808"",""as"":""China169-BJ China Unicom Beijing Province Network"",""is_proxy"":false}"
72,"{""ip"":""86.165.141.178"",""country_code"":""GB"",""country_name"":""United Kingdom of Great Britain and Northern Ireland"",""region_name"":""England"",""city_name"":""Birmingham"",""latitude"":52.48142,""longitude"":-1.89983,""zip_code"":""B3"",""time_zone"":""+00:00"",""asn"":""2856"",""as"":""British Telecommunications PLC"",""is_proxy"":false}"
73,"{""ip"":""70.228.121.60"",""country_code"":""US"",""country_name"":""United States of America"",""region_name"":""Texas"",""city_name"":""Plano"",""latitude"":33.01575,""longitude"":-96.73747,""zip_code"":""75075"",""time_zone"":""-06:00"",""asn"":""7018"",""as"":""AT&T Services Inc."",""is_proxy"":false}"
74,"{""ip"":""201.86.3.78"",""country_code"":""BR"",""country_name"":""Brazil"",""region_name"":""Parana"",""city_name"":""Curitiba"",""latitude"":-25.427848,""longitude"":-49.27346,""zip_code"":""80000-000"",""time_zone"":""-03:00"",""asn"":""18881"",""as"":""Latin American and Caribbean IP Address Regional Registry"",""is_proxy"":false}"
75,"{""ip"":""61.152.211.241"",""country_code"":""CN"",""country_name"":""China"",""region_name"":""Shanghai"",""city_name"":""Shanghai"",""latitude"":31.224332,""longitude"":121.468951,""zip_code"":""200020"",""time_zone"":""+08:00"",""asn"":""4812"",""as"":""China Telecom Group"",""is_proxy"":false}"
76,"{""ip"":""46.229.143.176"",""country_code"":""RU"",""country_name"":""Russian Federation"",""region_name"":""Novgorodskaya oblast'"",""city_name"":""Velikiy Novgorod"",""latitude"":58.516708,""longitude"":31.283383,""zip_code"":""603104"",""time_zone"":""+03:00"",""asn"":""31208"",""as"":""PJSC MegaFon"",""is_proxy"":false}"
77,"{""ip"":""38.130.51.208"",""country_code"":""US"",""country_name"":""United States of America"",""region_name"":""Missouri"",""city_name"":""Kansas City"",""latitude"":39.103829,""longitude"":-94.572672,""zip_code"":""64106"",""time_zone"":""-06:00"",""asn"":""22926"",""as"":""Wisper ISP LLC"",""is_proxy"":false}"
78,"{""ip"":""27.57.214.142"",""country_code"":""IN"",""country_name"":""India"",""region_name"":""Karnataka"",""city_name"":""Mangalore"",""latitude"":12.86667,""longitude"":74.88333,""zip_code"":""574195"",""time_zone"":""+05:30"",""asn"":""45609"",""as"":""Bharti Airtel Ltd."",""is_proxy"":false}"
79,"{""ip"":""86.45.110.141"",""country_code"":""IE"",""country_name"":""Ireland"",""region_name"":""Wexford"",""city_name"":""Gorey"",""latitude"":52.67472,""longitude"":-6.2925,""zip_code"":""Y25 C798"",""time_zone"":""+00:00"",""asn"":""5466"",""as"":""eircom Limited"",""is_proxy"":false}"
80,"{""ip"":""29.187.204.185"",""country_code"":""US"",""country_name"":""United States of America"",""region_name"":""Ohio"",""city_name"":""Columbus"",""latitude"":39.96638,""longitude"":-83.01277,""zip_code"":""43218"",""time_zone"":""-05:00"",""asn"":""749"",""as"":""DoD Network Information Center"",""is_proxy"":false}"
81,"{""ip"":""168.230.63.34"",""country_code"":""US"",""country_name"":""United States of America"",""region_name"":""California"",""city_name"":""San Jose"",""latitude"":37.335841,""longitude"":-121.897977,""zip_code"":""95110"",""time_zone"":""-08:00"",""asn"":""1679"",""as"":""Fair Isaac Corporation"",""is_proxy"":false}"
82,"{""ip"":""221.187.162.221"",""country_code"":""JP"",""country_name"":""Japan"",""region_name"":""Kanagawa"",""city_name"":""Yokohama"",""latitude"":35.444441,""longitude"":139.638276,""zip_code"":""231-0021"",""time_zone"":""+09:00"",""asn"":""4713"",""as"":""NTT Communications Corporation"",""is_proxy"":false}"
83,"{""ip"":""199.219.72.118"",""country_code"":""US"",""country_name"":""United States of America"",""region_name"":""Virginia"",""city_name"":""Ashburn"",""latitude"":39.03408,""longitude"":-77.4885,""zip_code"":""20147"",""time_zone"":""-05:00"",""asn"":""-"",""as"":""-"",""is_proxy"":false}"
84,"{""ip"":""44.24.112.64"",""country_code"":""US"",""country_name"":""United States of America"",""region_name"":""California"",""city_name"":""San Diego"",""latitude"":32.800457,""longitude"":-117.171068,""zip_code"":""92111"",""time_zone"":""-08:00"",""asn"":""7377"",""as"":""University of California San Diego"",""is_proxy"":false}"
85,"{""ip"":""107.70.70.221"",""country_code"":""US"",""country_name"":""United States of America"",""region_name"":""Washington"",""city_name"":""Redmond"",""latitude"":47.6829,""longitude"":-122.1209,""zip_code"":""98052"",""time_zone"":""-08:00"",""asn"":""7018"",""as"":""AT&T Services Inc."",""is_proxy"":false}"
86,"{""ip"":""118.36.129.69"",""country_code"":""KR"",""country_name"":""Korea (Republic of)"",""region_name"":""Gyeonggi-do"",""city_name"":""Seongnam"",""latitude"":37.420625,""longitude"":127.126715,""zip_code"":""13118"",""time_zone"":""+09:00"",""asn"":""4766"",""as"":""Korea Telecom"",""is_proxy"":false}"
87,"{""ip"":""76.111.202.72"",""country_code"":""US"",""country_name"":""United States of America"",""region_name"":""Florida"",""city_name"":""Kendall"",""latitude"":25.67927,""longitude"":-80.31727,""zip_code"":""33156"",""time_zone"":""-05:00"",""asn"":""7922"",""as"":""Comcast Cable Communications LLC"",""is_proxy"":false}"
88,"{""ip"":""148.126.105.201"",""country_code"":""US"",""country_name"":""United States of America"",""region_name"":""Arizona"",""city_name"":""Tempe"",""latitude"":33.424281,""longitude"":-111.924088,""zip_code"":""85281"",""time_zone"":""-07:00"",""asn"":""2575"",""as"":""Salt River Project Agricultural Improvement & Power District"",""is_proxy"":false}"
89,"{""ip"":""130.204.139.35"",""country_code"":""BG"",""country_name"":""Bulgaria"",""region_name"":""Sofia (stolitsa)"",""city_name"":""Sofia"",""latitude"":42.69751,""longitude"":23.32415,""zip_code"":""1000"",""time_zone"":""+02:00"",""asn"":""29580"",""as"":""A1 Bulgaria EAD"",""is_proxy"":false}"
90,"{""ip"":""100.247.164.6"",""country_code"":""US"",""country_name"":""United States of America"",""region_name"":""Washington"",""city_name"":""Bellevue"",""latitude"":47.561195,""longitude"":-122.153412,""zip_code"":""98006"",""time_zone"":""-08:00"",""asn"":""21928"",""as"":""T-Mobile USA Inc."",""is_proxy"":false}"
91,"{""ip"":""88.204.79.6"",""country_code"":""RU"",""country_name"":""Russian Federation"",""region_name"":""Tomskaya oblast'"",""city_name"":""Tomsk"",""latitude"":56.500102,""longitude"":84.966639,""zip_code"":""634050"",""time_zone"":""+07:00"",""asn"":""41566"",""as"":""Federal State Budget Educational Institution of Higher Professional Education Tomsk State University of Control Systems and Radio Electronics"",""is_proxy"":false}"
92,"{""ip"":""149.253.227.55"",""country_code"":""US"",""country_name"":""United States of America"",""region_name"":""Ohio"",""city_name"":""Columbus"",""latitude"":39.96638,""longitude"":-83.01277,""zip_code"":""43218"",""time_zone"":""-05:00"",""asn"":""749"",""as"":""DoD Network Information Center"",""is_proxy"":false}"
93,"{""ip"":""160.148.168.183"",""country_code"":""US"",""country_name"":""United States of America"",""region_name"":""Arizona"",""city_name"":""Fort Huachuca"",""latitude"":31.55646,""longitude"":-110.35056,""zip_code"":""85613"",""time_zone"":""-07:00"",""asn"":""13"",""as"":""Headquarters USAISC"",""is_proxy"":false}"
94,"{""ip"":""75.160.180.145"",""country_code"":""US"",""country_name"":""United States of America"",""region_name"":""California"",""city_name"":""San Jose"",""latitude"":37.33939,""longitude"":-121.89496,""zip_code"":""95101"",""time_zone"":""-08:00"",""asn"":""209"",""as"":""CenturyLink Communications LLC"",""is_proxy"":false}"
95,"{""ip"":""169.21.155.127"",""country_code"":""US"",""country_name"":""United States of America"",""region_name"":""New York"",""city_name"":""New York City"",""latitude"":40.705376,""longitude"":-74.008946,""zip_code"":""10271"",""time_zone"":""-05:00"",""asn"":""2019"",""as"":""JPMorgan Chase & Co."",""is_proxy"":false}"
96,"{""ip"":""92.192.73.229"",""country_code"":""DE"",""country_name"":""Germany"",""region_name"":""Niedersachsen"",""city_name"":""Stockte"",""latitude"":53.38278,""longitude"":10.19033,""zip_code"":""21423"",""time_zone"":""+01:00"",""asn"":""20676"",""as"":""Plusnet GmbH"",""is_proxy"":false}"
97,"{""ip"":""129.189.216.143"",""country_code"":""US"",""country_name"":""United States of America"",""region_name"":""Wisconsin"",""city_name"":""Madison"",""latitude"":43.071847,""longitude"":-89.511381,""zip_code"":""53717"",""time_zone"":""-06:00"",""asn"":""4181"",""as"":""TDS Telecom"",""is_proxy"":false}"
98,"{""ip"":""60.223.224.39"",""country_code"":""CN"",""country_name"":""China"",""region_name"":""Shanxi"",""city_name"":""Taiyuan"",""latitude"":37.86944,""longitude"":112.56151,""zip_code"":""030002"",""time_zone"":""+08:00"",""asn"":""4837"",""as"":""China169-Backbone China Unicom China169 Backbone"",""is_proxy"":false}"
99,"{""ip"":""172.26.245.135"",""country_code"":""-"",""country_name"":""-"",""region_name"":""-"",""city_name"":""-"",""latitude"":null,""longitude"":null,""zip_code"":""-"",""time_zone"":""-"",""asn"":""-"",""as"":""-"",""is_proxy"":false}"
